country_name,year,Unemployment Rate (%)
Afghanistan,2010,11.55
Afghanistan,2011,12.0
Afghanistan,2012,12.14
Afghanistan,2013,12.47
Afghanistan,2014,12.91
Afghanistan,2015,13.26
Afghanistan,2016,13.62
Afghanistan,2017,13.78
Afghanistan,2018,14.08
Afghanistan,2019,14.35
Afghanistan,2020,16.43
Afghanistan,2021,17.72
Afghanistan,2022,17.98
Afghanistan,2023,18.22
Afghanistan,2024,18.5
Albania,2010,14.15
Albania,2011,14.74
Albania,2012,14.91
Albania,2013,15.29
Albania,2014,15.53
Albania,2015,15.86
Albania,2016,16.19
Albania,2017,16.49
Albania,2018,16.76
Albania,2019,17.33
Albania,2020,20.03
Albania,2021,20.72
Albania,2022,20.88
Albania,2023,21.13
Albania,2024,21.54
Algeria,2010,12.0
Algeria,2011,12.33
Algeria,2012,12.7
Algeria,2013,13.04
Algeria,2014,13.34
Algeria,2015,13.82
Algeria,2016,14.12
Algeria,2017,14.31
Algeria,2018,14.81
Algeria,2019,14.98
Algeria,2020,17.94
Algeria,2021,18.91
Algeria,2022,19.21
Algeria,2023,19.65
Algeria,2024,20.08
Angola,2010,7.54
Angola,2011,7.63
Angola,2012,7.88
Angola,2013,8.17
Angola,2014,8.57
Angola,2015,8.97
Angola,2016,9.11
Angola,2017,9.3
Angola,2018,9.87
Angola,2019,10.37
Angola,2020,13.65
Angola,2021,15.05
Angola,2022,15.23
Angola,2023,15.48
Angola,2024,16.03
Argentina,2010,10.01
Argentina,2011,10.25
Argentina,2012,10.43
Argentina,2013,10.86
Argentina,2014,11.28
Argentina,2015,11.73
Argentina,2016,12.15
Argentina,2017,12.44
Argentina,2018,12.58
Argentina,2019,12.97
Argentina,2020,16.28
Argentina,2021,17.27
Argentina,2022,17.69
Argentina,2023,18.17
Argentina,2024,18.51
Armenia,2010,18.85
Armenia,2011,19.25
Armenia,2012,19.58
Armenia,2013,19.78
Armenia,2014,20.02
Armenia,2015,20.28
Armenia,2016,20.55
Armenia,2017,20.85
Armenia,2018,21.22
Armenia,2019,21.59
Armenia,2020,24.94
Armenia,2021,26.1
Armenia,2022,26.56
Armenia,2023,26.84
Armenia,2024,27.19
Australia,2010,5.71
Australia,2011,5.97
Australia,2012,6.5
Australia,2013,7.05
Australia,2014,7.32
Australia,2015,7.69
Australia,2016,7.92
Australia,2017,8.2
Australia,2018,8.3
Australia,2019,8.73
Australia,2020,11.65
Australia,2021,12.9
Australia,2022,13.4
Australia,2023,13.81
Australia,2024,14.0
Austria,2010,5.1
Austria,2011,5.56
Austria,2012,6.07
Austria,2013,6.51
Austria,2014,6.88
Austria,2015,7.2
Austria,2016,7.35
Austria,2017,7.64
Austria,2018,8.26
Austria,2019,8.7
Austria,2020,11.05
Austria,2021,12.41
Austria,2022,12.66
Austria,2023,13.06
Austria,2024,13.33
Azerbaijan,2010,6.64
Azerbaijan,2011,6.89
Azerbaijan,2012,7.42
Azerbaijan,2013,7.67
Azerbaijan,2014,8.2
Azerbaijan,2015,8.67
Azerbaijan,2016,8.92
Azerbaijan,2017,9.46
Azerbaijan,2018,10.04
Azerbaijan,2019,10.39
Azerbaijan,2020,13.3
Azerbaijan,2021,14.14
Azerbaijan,2022,14.33
Azerbaijan,2023,14.56
Azerbaijan,2024,14.91
Bahamas,2010,10.01
Bahamas,2011,10.08
Bahamas,2012,10.49
Bahamas,2013,10.73
Bahamas,2014,11.08
Bahamas,2015,11.34
Bahamas,2016,11.57
Bahamas,2017,11.97
Bahamas,2018,12.53
Bahamas,2019,12.83
Bahamas,2020,15.21
Bahamas,2021,16.67
Bahamas,2022,17.18
Bahamas,2023,17.41
Bahamas,2024,17.58
Bahrain,2010,4.73
Bahrain,2011,5.06
Bahrain,2012,5.62
Bahrain,2013,6.02
Bahrain,2014,6.27
Bahrain,2015,6.65
Bahrain,2016,6.74
Bahrain,2017,6.82
Bahrain,2018,7.34
Bahrain,2019,7.56
Bahrain,2020,9.4
Bahrain,2021,10.52
Bahrain,2022,10.77
Bahrain,2023,11.12
Bahrain,2024,11.58
Bangladesh,2010,4.7
Bangladesh,2011,4.96
Bangladesh,2012,5.19
Bangladesh,2013,5.7
Bangladesh,2014,6.06
Bangladesh,2015,6.41
Bangladesh,2016,6.86
Bangladesh,2017,7.47
Bangladesh,2018,7.6
Bangladesh,2019,7.68
Bangladesh,2020,9.33
Bangladesh,2021,9.85
Bangladesh,2022,10.23
Bangladesh,2023,10.52
Bangladesh,2024,11.02
Barbados,2010,11.31
Barbados,2011,11.5
Barbados,2012,12.02
Barbados,2013,12.49
Barbados,2014,12.88
Barbados,2015,13.31
Barbados,2016,13.75
Barbados,2017,14.25
Barbados,2018,14.6
Barbados,2019,15.05
Barbados,2020,17.33
Barbados,2021,17.92
Barbados,2022,18.35
Barbados,2023,18.86
Barbados,2024,19.23
Belarus,2010,4.84
Belarus,2011,5.31
Belarus,2012,5.84
Belarus,2013,6.06
Belarus,2014,6.3
Belarus,2015,6.74
Belarus,2016,6.94
Belarus,2017,7.26
Belarus,2018,7.52
Belarus,2019,7.81
Belarus,2020,10.72
Belarus,2021,12.21
Belarus,2022,12.48
Belarus,2023,13.06
Belarus,2024,13.63
Belgium,2010,7.29
Belgium,2011,7.74
Belgium,2012,8.19
Belgium,2013,8.42
Belgium,2014,8.61
Belgium,2015,8.72
Belgium,2016,9.0
Belgium,2017,9.44
Belgium,2018,9.9
Belgium,2019,10.29
Belgium,2020,11.82
Belgium,2021,13.21
Belgium,2022,13.71
Belgium,2023,13.95
Belgium,2024,14.45
Belize,2010,10.85
Belize,2011,11.22
Belize,2012,11.72
Belize,2013,11.87
Belize,2014,12.47
Belize,2015,12.84
Belize,2016,13.03
Belize,2017,13.33
Belize,2018,13.57
Belize,2019,14.21
Belize,2020,16.33
Belize,2021,16.99
Belize,2022,17.56
Belize,2023,18.12
Belize,2024,18.48
Benin,2010,2.69
Benin,2011,2.76
Benin,2012,3.17
Benin,2013,3.56
Benin,2014,3.9
Benin,2015,4.49
Benin,2016,4.94
Benin,2017,5.19
Benin,2018,5.52
Benin,2019,6.11
Benin,2020,9.15
Benin,2021,9.9
Benin,2022,10.12
Benin,2023,10.64
Benin,2024,10.96
Bhutan,2010,2.84
Bhutan,2011,3.13
Bhutan,2012,3.57
Bhutan,2013,4.03
Bhutan,2014,4.41
Bhutan,2015,4.85
Bhutan,2016,4.94
Bhutan,2017,5.41
Bhutan,2018,5.73
Bhutan,2019,5.83
Bhutan,2020,8.11
Bhutan,2021,8.96
Bhutan,2022,9.4
Bhutan,2023,9.76
Bhutan,2024,10.35
Bolivia,2010,3.87
Bolivia,2011,4.15
Bolivia,2012,4.63
Bolivia,2013,4.93
Bolivia,2014,5.24
Bolivia,2015,5.35
Bolivia,2016,5.48
Bolivia,2017,5.77
Bolivia,2018,5.98
Bolivia,2019,6.44
Bolivia,2020,8.32
Bolivia,2021,9.1
Bolivia,2022,9.23
Bolivia,2023,9.45
Bolivia,2024,9.67
Bosnia and Herzegovina,2010,22.81
Bosnia and Herzegovina,2011,23.11
Bosnia and Herzegovina,2012,23.37
Bosnia and Herzegovina,2013,23.96
Bosnia and Herzegovina,2014,24.11
Bosnia and Herzegovina,2015,24.63
Bosnia and Herzegovina,2016,24.8
Bosnia and Herzegovina,2017,25.1
Bosnia and Herzegovina,2018,25.45
Bosnia and Herzegovina,2019,25.86
Bosnia and Herzegovina,2020,28.79
Bosnia and Herzegovina,2021,29.82
Bosnia and Herzegovina,2022,30.04
Bosnia and Herzegovina,2023,30.32
Bosnia and Herzegovina,2024,30.56
Botswana,2010,17.85
Botswana,2011,18.06
Botswana,2012,18.42
Botswana,2013,18.85
Botswana,2014,19.29
Botswana,2015,19.52
Botswana,2016,19.97
Botswana,2017,20.19
Botswana,2018,20.43
Botswana,2019,20.85
Botswana,2020,23.56
Botswana,2021,24.21
Botswana,2022,24.39
Botswana,2023,24.58
Botswana,2024,24.95
Brazil,2010,9.53
Brazil,2011,10.0
Brazil,2012,10.2
Brazil,2013,10.8
Brazil,2014,11.18
Brazil,2015,11.48
Brazil,2016,11.97
Brazil,2017,12.28
Brazil,2018,12.62
Brazil,2019,12.89
Brazil,2020,14.62
Brazil,2021,15.7
Brazil,2022,15.94
Brazil,2023,16.17
Brazil,2024,16.36
Brunei Darussalam,2010,7.27
Brunei Darussalam,2011,7.66
Brunei Darussalam,2012,7.99
Brunei Darussalam,2013,8.44
Brunei Darussalam,2014,8.76
Brunei Darussalam,2015,9.19
Brunei Darussalam,2016,9.78
Brunei Darussalam,2017,10.09
Brunei Darussalam,2018,10.47
Brunei Darussalam,2019,10.77
Brunei Darussalam,2020,12.54
Brunei Darussalam,2021,13.21
Brunei Darussalam,2022,13.55
Brunei Darussalam,2023,13.96
Brunei Darussalam,2024,14.38
Bulgaria,2010,11.81
Bulgaria,2011,12.11
Bulgaria,2012,12.39
Bulgaria,2013,12.81
Bulgaria,2014,13.2
Bulgaria,2015,13.53
Bulgaria,2016,14.04
Bulgaria,2017,14.41
Bulgaria,2018,14.74
Bulgaria,2019,15.07
Bulgaria,2020,18.36
Bulgaria,2021,19.17
Bulgaria,2022,19.52
Bulgaria,2023,19.75
Bulgaria,2024,20.29
Burkina Faso,2010,5.7
Burkina Faso,2011,6.04
Burkina Faso,2012,6.24
Burkina Faso,2013,6.58
Burkina Faso,2014,6.91
Burkina Faso,2015,7.37
Burkina Faso,2016,7.79
Burkina Faso,2017,8.02
Burkina Faso,2018,8.4
Burkina Faso,2019,8.74
Burkina Faso,2020,10.55
Burkina Faso,2021,11.66
Burkina Faso,2022,11.98
Burkina Faso,2023,12.48
Burkina Faso,2024,13.01
Burundi,2010,1.81
Burundi,2011,2.21
Burundi,2012,2.61
Burundi,2013,3.22
Burundi,2014,3.44
Burundi,2015,4.04
Burundi,2016,4.4
Burundi,2017,4.87
Burundi,2018,5.21
Burundi,2019,5.38
Burundi,2020,7.55
Burundi,2021,8.97
Burundi,2022,9.22
Burundi,2023,9.63
Burundi,2024,9.88
Cabo Verde,2010,14.85
Cabo Verde,2011,15.17
Cabo Verde,2012,15.6
Cabo Verde,2013,16.02
Cabo Verde,2014,16.27
Cabo Verde,2015,16.66
Cabo Verde,2016,16.88
Cabo Verde,2017,17.26
Cabo Verde,2018,17.64
Cabo Verde,2019,17.93
Cabo Verde,2020,19.84
Cabo Verde,2021,20.81
Cabo Verde,2022,21.05
Cabo Verde,2023,21.47
Cabo Verde,2024,21.81
Cambodia,2010,0.84
Cambodia,2011,0.99
Cambodia,2012,1.58
Cambodia,2013,1.82
Cambodia,2014,2.19
Cambodia,2015,2.3
Cambodia,2016,2.76
Cambodia,2017,2.88
Cambodia,2018,3.2
Cambodia,2019,3.29
Cambodia,2020,6.1
Cambodia,2021,6.84
Cambodia,2022,7.36
Cambodia,2023,7.78
Cambodia,2024,8.09
Cameroon,2010,4.01
Cameroon,2011,4.09
Cameroon,2012,4.21
Cameroon,2013,4.49
Cameroon,2014,4.93
Cameroon,2015,5.33
Cameroon,2016,5.57
Cameroon,2017,5.88
Cameroon,2018,6.24
Cameroon,2019,6.58
Cameroon,2020,9.61
Cameroon,2021,10.6
Cameroon,2022,11.16
Cameroon,2023,11.34
Cameroon,2024,11.63
Canada,2010,7.12
Canada,2011,7.46
Canada,2012,7.96
Canada,2013,8.15
Canada,2014,8.48
Canada,2015,8.73
Canada,2016,9.03
Canada,2017,9.53
Canada,2018,9.64
Canada,2019,10.0
Canada,2020,12.7
Canada,2021,14.12
Canada,2022,14.41
Canada,2023,14.63
Canada,2024,14.95
Central African Republic,2010,7.16
Central African Republic,2011,7.4
Central African Republic,2012,7.64
Central African Republic,2013,7.99
Central African Republic,2014,8.36
Central African Republic,2015,8.89
Central African Republic,2016,9.22
Central African Republic,2017,9.36
Central African Republic,2018,9.6
Central African Republic,2019,9.98
Central African Republic,2020,11.69
Central African Republic,2021,12.69
Central African Republic,2022,13.08
Central African Republic,2023,13.45
Central African Republic,2024,13.94
Chad,2010,2.21
Chad,2011,2.39
Chad,2012,2.76
Chad,2013,3.23
Chad,2014,3.5
Chad,2015,4.03
Chad,2016,4.52
Chad,2017,5.03
Chad,2018,5.3
Chad,2019,5.72
Chad,2020,8.63
Chad,2021,9.69
Chad,2022,10.03
Chad,2023,10.38
Chad,2024,11.0
Chile,2010,7.58
Chile,2011,8.14
Chile,2012,8.53
Chile,2013,8.77
Chile,2014,8.93
Chile,2015,9.21
Chile,2016,9.58
Chile,2017,9.74
Chile,2018,10.19
Chile,2019,10.53
Chile,2020,12.49
Chile,2021,13.01
Chile,2022,13.48
Chile,2023,14.05
Chile,2024,14.51
China,2010,4.7
China,2011,5.08
China,2012,5.69
China,2013,6.1
China,2014,6.49
China,2015,6.65
China,2016,6.89
China,2017,7.1
China,2018,7.17
China,2019,7.64
China,2020,9.58
China,2021,10.17
China,2022,10.61
China,2023,11.08
China,2024,11.37
Colombia,2010,10.92
Colombia,2011,11.44
Colombia,2012,11.83
Colombia,2013,12.0
Colombia,2014,12.17
Colombia,2015,12.56
Colombia,2016,12.92
Colombia,2017,13.52
Colombia,2018,13.92
Colombia,2019,14.31
Colombia,2020,17.44
Colombia,2021,18.48
Colombia,2022,18.88
Colombia,2023,19.22
Colombia,2024,19.39
Comoros,2010,5.1
Comoros,2011,5.65
Comoros,2012,6.07
Comoros,2013,6.27
Comoros,2014,6.51
Comoros,2015,6.92
Comoros,2016,7.06
Comoros,2017,7.34
Comoros,2018,7.79
Comoros,2019,8.16
Comoros,2020,11.02
Comoros,2021,12.4
Comoros,2022,12.89
Comoros,2023,13.45
Comoros,2024,13.97
"Congo, Dem. Rep.",2010,4.66
"Congo, Dem. Rep.",2011,5.12
"Congo, Dem. Rep.",2012,5.49
"Congo, Dem. Rep.",2013,5.81
"Congo, Dem. Rep.",2014,6.14
"Congo, Dem. Rep.",2015,6.52
"Congo, Dem. Rep.",2016,6.86
"Congo, Dem. Rep.",2017,7.31
"Congo, Dem. Rep.",2018,7.45
"Congo, Dem. Rep.",2019,7.98
"Congo, Dem. Rep.",2020,10.75
"Congo, Dem. Rep.",2021,11.35
"Congo, Dem. Rep.",2022,11.8
"Congo, Dem. Rep.",2023,12.24
"Congo, Dem. Rep.",2024,12.76
"Congo, Rep.",2010,11.56
"Congo, Rep.",2011,11.84
"Congo, Rep.",2012,12.19
"Congo, Rep.",2013,12.44
"Congo, Rep.",2014,12.78
"Congo, Rep.",2015,13.1
"Congo, Rep.",2016,13.73
"Congo, Rep.",2017,14.05
"Congo, Rep.",2018,14.33
"Congo, Rep.",2019,14.49
"Congo, Rep.",2020,17.35
"Congo, Rep.",2021,18.85
"Congo, Rep.",2022,19.16
"Congo, Rep.",2023,19.5
"Congo, Rep.",2024,19.83
Costa Rica,2010,8.78
Costa Rica,2011,9.11
Costa Rica,2012,9.49
Costa Rica,2013,9.95
Costa Rica,2014,10.32
Costa Rica,2015,10.57
Costa Rica,2016,11.04
Costa Rica,2017,11.42
Costa Rica,2018,11.55
Costa Rica,2019,11.9
Costa Rica,2020,15.34
Costa Rica,2021,16.62
Costa Rica,2022,17.15
Costa Rica,2023,17.62
Costa Rica,2024,17.72
Cote d'Ivoire,2010,3.11
Cote d'Ivoire,2011,3.54
Cote d'Ivoire,2012,3.67
Cote d'Ivoire,2013,4.05
Cote d'Ivoire,2014,4.31
Cote d'Ivoire,2015,4.55
Cote d'Ivoire,2016,4.92
Cote d'Ivoire,2017,5.2
Cote d'Ivoire,2018,5.28
Cote d'Ivoire,2019,5.59
Cote d'Ivoire,2020,8.48
Cote d'Ivoire,2021,9.02
Cote d'Ivoire,2022,9.25
Cote d'Ivoire,2023,9.66
Cote d'Ivoire,2024,9.91
Croatia,2010,12.05
Croatia,2011,12.27
Croatia,2012,12.57
Croatia,2013,12.75
Croatia,2014,12.84
Croatia,2015,13.04
Croatia,2016,13.47
Croatia,2017,13.82
Croatia,2018,13.95
Croatia,2019,14.41
Croatia,2020,16.01
Croatia,2021,17.38
Croatia,2022,17.89
Croatia,2023,18.28
Croatia,2024,18.62
Cuba,2010,2.16
Cuba,2011,2.54
Cuba,2012,2.97
Cuba,2013,3.06
Cuba,2014,3.23
Cuba,2015,3.61
Cuba,2016,4.05
Cuba,2017,4.39
Cuba,2018,4.79
Cuba,2019,5.22
Cuba,2020,8.67
Cuba,2021,9.85
Cuba,2022,9.93
Cuba,2023,10.2
Cuba,2024,10.73
Cyprus,2010,11.6
Cyprus,2011,11.87
Cyprus,2012,12.22
Cyprus,2013,12.71
Cyprus,2014,13.11
Cyprus,2015,13.56
Cyprus,2016,14.01
Cyprus,2017,14.32
Cyprus,2018,14.71
Cyprus,2019,15.14
Cyprus,2020,18.07
Cyprus,2021,18.8
Cyprus,2022,19.2
Cyprus,2023,19.65
Cyprus,2024,20.04
Czech Republic,2010,6.24
Czech Republic,2011,6.57
Czech Republic,2012,6.79
Czech Republic,2013,7.21
Czech Republic,2014,7.55
Czech Republic,2015,7.87
Czech Republic,2016,8.35
Czech Republic,2017,8.49
Czech Republic,2018,8.75
Czech Republic,2019,9.15
Czech Republic,2020,11.89
Czech Republic,2021,12.55
Czech Republic,2022,12.83
Czech Republic,2023,13.23
Czech Republic,2024,13.77
Denmark,2010,5.59
Denmark,2011,5.73
Denmark,2012,5.88
Denmark,2013,6.37
Denmark,2014,6.47
Denmark,2015,6.93
Denmark,2016,7.23
Denmark,2017,7.34
Denmark,2018,7.97
Denmark,2019,8.31
Denmark,2020,10.72
Denmark,2021,11.89
Denmark,2022,11.99
Denmark,2023,12.34
Denmark,2024,12.65
Djibouti,2010,11.37
Djibouti,2011,11.75
Djibouti,2012,12.12
Djibouti,2013,12.63
Djibouti,2014,13.17
Djibouti,2015,13.55
Djibouti,2016,14.03
Djibouti,2017,14.37
Djibouti,2018,14.83
Djibouti,2019,15.14
Djibouti,2020,16.86
Djibouti,2021,17.4
Djibouti,2022,17.87
Djibouti,2023,18.41
Djibouti,2024,18.86
Dominican Republic,2010,6.13
Dominican Republic,2011,6.48
Dominican Republic,2012,7.0
Dominican Republic,2013,7.42
Dominican Republic,2014,7.76
Dominican Republic,2015,7.97
Dominican Republic,2016,8.23
Dominican Republic,2017,8.61
Dominican Republic,2018,8.91
Dominican Republic,2019,9.14
Dominican Republic,2020,11.85
Dominican Republic,2021,12.81
Dominican Republic,2022,13.23
Dominican Republic,2023,13.58
Dominican Republic,2024,13.74
Ecuador,2010,4.48
Ecuador,2011,4.87
Ecuador,2012,5.33
Ecuador,2013,5.84
Ecuador,2014,6.18
Ecuador,2015,6.29
Ecuador,2016,6.81
Ecuador,2017,7.21
Ecuador,2018,7.56
Ecuador,2019,7.74
Ecuador,2020,9.81
Ecuador,2021,10.85
Ecuador,2022,11.18
Ecuador,2023,11.52
Ecuador,2024,11.73
Egypt,2010,10.91
Egypt,2011,11.17
Egypt,2012,11.47
Egypt,2013,11.76
Egypt,2014,12.25
Egypt,2015,12.7
Egypt,2016,12.96
Egypt,2017,13.47
Egypt,2018,14.03
Egypt,2019,14.22
Egypt,2020,17.4
Egypt,2021,18.13
Egypt,2022,18.5
Egypt,2023,18.92
Egypt,2024,19.2
El Salvador,2010,4.97
El Salvador,2011,5.25
El Salvador,2012,5.78
El Salvador,2013,5.92
El Salvador,2014,6.17
El Salvador,2015,6.57
El Salvador,2016,6.81
El Salvador,2017,7.18
El Salvador,2018,7.57
El Salvador,2019,7.95
El Salvador,2020,10.83
El Salvador,2021,11.44
El Salvador,2022,11.88
El Salvador,2023,12.04
El Salvador,2024,12.38
Equatorial Guinea,2010,8.8
Equatorial Guinea,2011,9.03
Equatorial Guinea,2012,9.26
Equatorial Guinea,2013,9.57
Equatorial Guinea,2014,9.85
Equatorial Guinea,2015,10.36
Equatorial Guinea,2016,10.66
Equatorial Guinea,2017,11.02
Equatorial Guinea,2018,11.56
Equatorial Guinea,2019,12.0
Equatorial Guinea,2020,14.62
Equatorial Guinea,2021,15.81
Equatorial Guinea,2022,16.08
Equatorial Guinea,2023,16.3
Equatorial Guinea,2024,16.68
Eritrea,2010,6.79
Eritrea,2011,7.19
Eritrea,2012,7.4
Eritrea,2013,8.03
Eritrea,2014,8.49
Eritrea,2015,8.89
Eritrea,2016,9.19
Eritrea,2017,9.53
Eritrea,2018,10.02
Eritrea,2019,10.17
Eritrea,2020,11.85
Eritrea,2021,12.66
Eritrea,2022,12.96
Eritrea,2023,13.34
Eritrea,2024,13.82
Estonia,2010,9.8
Estonia,2011,10.19
Estonia,2012,10.52
Estonia,2013,10.95
Estonia,2014,11.5
Estonia,2015,11.88
Estonia,2016,12.08
Estonia,2017,12.39
Estonia,2018,12.84
Estonia,2019,13.32
Estonia,2020,16.67
Estonia,2021,17.93
Estonia,2022,18.19
Estonia,2023,18.4
Estonia,2024,18.58
Eswatini,2010,22.5
Eswatini,2011,23.0
Eswatini,2012,23.47
Eswatini,2013,23.77
Eswatini,2014,23.98
Eswatini,2015,24.29
Eswatini,2016,24.72
Eswatini,2017,24.83
Eswatini,2018,25.25
Eswatini,2019,25.62
Eswatini,2020,29.09
Eswatini,2021,29.71
Eswatini,2022,29.88
Eswatini,2023,30.16
Eswatini,2024,30.66
Ethiopia,2010,3.88
Ethiopia,2011,4.21
Ethiopia,2012,4.54
Ethiopia,2013,4.9
Ethiopia,2014,5.14
Ethiopia,2015,5.43
Ethiopia,2016,5.95
Ethiopia,2017,6.23
Ethiopia,2018,6.55
Ethiopia,2019,6.68
Ethiopia,2020,9.25
Ethiopia,2021,9.99
Ethiopia,2022,10.58
Ethiopia,2023,11.06
Ethiopia,2024,11.31
Fiji,2010,5.24
Fiji,2011,5.47
Fiji,2012,5.66
Fiji,2013,6.07
Fiji,2014,6.35
Fiji,2015,6.78
Fiji,2016,7.38
Fiji,2017,7.76
Fiji,2018,8.15
Fiji,2019,8.53
Fiji,2020,10.95
Fiji,2021,12.35
Fiji,2022,12.77
Fiji,2023,13.0
Fiji,2024,13.31
Finland,2010,8.11
Finland,2011,8.2
Finland,2012,8.48
Finland,2013,8.56
Finland,2014,9.12
Finland,2015,9.36
Finland,2016,9.75
Finland,2017,10.05
Finland,2018,10.18
Finland,2019,10.66
Finland,2020,12.33
Finland,2021,13.59
Finland,2022,13.95
Finland,2023,14.09
Finland,2024,14.56
France,2010,9.5
France,2011,9.86
France,2012,10.23
France,2013,10.76
France,2014,11.21
France,2015,11.7
France,2016,11.89
France,2017,12.28
France,2018,12.57
France,2019,12.94
France,2020,14.68
France,2021,15.83
France,2022,16.21
France,2023,16.77
France,2024,17.17
Gabon,2010,20.01
Gabon,2011,20.54
Gabon,2012,21.02
Gabon,2013,21.28
Gabon,2014,21.91
Gabon,2015,22.02
Gabon,2016,22.33
Gabon,2017,22.69
Gabon,2018,23.14
Gabon,2019,23.57
Gabon,2020,25.67
Gabon,2021,27.04
Gabon,2022,27.51
Gabon,2023,27.75
Gabon,2024,27.88
Gambia,2010,9.67
Gambia,2011,9.87
Gambia,2012,10.22
Gambia,2013,10.65
Gambia,2014,10.94
Gambia,2015,11.34
Gambia,2016,11.55
Gambia,2017,11.84
Gambia,2018,12.18
Gambia,2019,12.63
Gambia,2020,14.74
Gambia,2021,15.6
Gambia,2022,16.01
Gambia,2023,16.5
Gambia,2024,16.79
Georgia,2010,14.46
Georgia,2011,14.8
Georgia,2012,15.12
Georgia,2013,15.49
Georgia,2014,15.75
Georgia,2015,16.14
Georgia,2016,16.54
Georgia,2017,17.04
Georgia,2018,17.42
Georgia,2019,17.64
Georgia,2020,20.71
Georgia,2021,21.73
Georgia,2022,21.95
Georgia,2023,22.23
Georgia,2024,22.37
Germany,2010,5.85
Germany,2011,6.48
Germany,2012,6.85
Germany,2013,7.33
Germany,2014,7.53
Germany,2015,7.95
Germany,2016,8.35
Germany,2017,8.56
Germany,2018,8.72
Germany,2019,9.03
Germany,2020,11.13
Germany,2021,12.05
Germany,2022,12.62
Germany,2023,12.97
Germany,2024,13.3
Ghana,2010,4.31
Ghana,2011,4.73
Ghana,2012,5.13
Ghana,2013,5.46
Ghana,2014,5.73
Ghana,2015,6.2
Ghana,2016,6.56
Ghana,2017,6.71
Ghana,2018,6.92
Ghana,2019,7.31
Ghana,2020,9.71
Ghana,2021,10.7
Ghana,2022,10.78
Ghana,2023,11.14
Ghana,2024,11.48
Greece,2010,16.22
Greece,2011,16.48
Greece,2012,16.99
Greece,2013,17.33
Greece,2014,17.59
Greece,2015,18.15
Greece,2016,18.47
Greece,2017,18.75
Greece,2018,19.23
Greece,2019,19.57
Greece,2020,21.52
Greece,2021,22.58
Greece,2022,22.82
Greece,2023,23.35
Greece,2024,23.63
Guatemala,2010,2.84
Guatemala,2011,3.17
Guatemala,2012,3.55
Guatemala,2013,4.06
Guatemala,2014,4.37
Guatemala,2015,4.78
Guatemala,2016,5.0
Guatemala,2017,5.43
Guatemala,2018,5.73
Guatemala,2019,5.92
Guatemala,2020,8.94
Guatemala,2021,10.31
Guatemala,2022,10.89
Guatemala,2023,11.15
Guatemala,2024,11.72
Guinea,2010,4.48
Guinea,2011,4.94
Guinea,2012,5.3
Guinea,2013,5.58
Guinea,2014,5.99
Guinea,2015,6.56
Guinea,2016,6.83
Guinea,2017,7.2
Guinea,2018,7.62
Guinea,2019,8.03
Guinea,2020,9.84
Guinea,2021,10.66
Guinea,2022,11.24
Guinea,2023,11.67
Guinea,2024,11.82
Guinea-Bissau,2010,2.87
Guinea-Bissau,2011,3.17
Guinea-Bissau,2012,3.53
Guinea-Bissau,2013,3.87
Guinea-Bissau,2014,4.31
Guinea-Bissau,2015,4.78
Guinea-Bissau,2016,5.33
Guinea-Bissau,2017,5.62
Guinea-Bissau,2018,6.06
Guinea-Bissau,2019,6.16
Guinea-Bissau,2020,9.1
Guinea-Bissau,2021,10.33
Guinea-Bissau,2022,10.69
Guinea-Bissau,2023,11.15
Guinea-Bissau,2024,11.51
Guyana,2010,13.34
Guyana,2011,13.63
Guyana,2012,14.08
Guyana,2013,14.28
Guyana,2014,14.79
Guyana,2015,14.95
Guyana,2016,15.14
Guyana,2017,15.55
Guyana,2018,15.98
Guyana,2019,16.39
Guyana,2020,19.16
Guyana,2021,19.99
Guyana,2022,20.26
Guyana,2023,20.62
Guyana,2024,20.99
Haiti,2010,13.83
Haiti,2011,14.24
Haiti,2012,14.44
Haiti,2013,14.6
Haiti,2014,15.12
Haiti,2015,15.66
Haiti,2016,16.15
Haiti,2017,16.55
Haiti,2018,16.97
Haiti,2019,17.19
Haiti,2020,19.78
Haiti,2021,20.39
Haiti,2022,20.58
Haiti,2023,21.13
Haiti,2024,21.52
Honduras,2010,5.91
Honduras,2011,6.43
Honduras,2012,6.77
Honduras,2013,7.13
Honduras,2014,7.52
Honduras,2015,7.86
Honduras,2016,8.28
Honduras,2017,8.44
Honduras,2018,8.63
Honduras,2019,8.95
Honduras,2020,11.94
Honduras,2021,13.29
Honduras,2022,13.72
Honduras,2023,14.09
Honduras,2024,14.24
Hungary,2010,7.7
Hungary,2011,8.22
Hungary,2012,8.69
Hungary,2013,9.0
Hungary,2014,9.27
Hungary,2015,9.62
Hungary,2016,10.12
Hungary,2017,10.6
Hungary,2018,10.94
Hungary,2019,11.21
Hungary,2020,14.5
Hungary,2021,15.63
Hungary,2022,16.07
Hungary,2023,16.34
Hungary,2024,16.54
Iceland,2010,4.39
Iceland,2011,4.91
Iceland,2012,5.33
Iceland,2013,5.59
Iceland,2014,5.83
Iceland,2015,6.03
Iceland,2016,6.21
Iceland,2017,6.65
Iceland,2018,6.9
Iceland,2019,7.22
Iceland,2020,8.73
Iceland,2021,9.27
Iceland,2022,9.45
Iceland,2023,9.92
Iceland,2024,10.21
India,2010,5.85
India,2011,6.11
India,2012,6.3
India,2013,6.76
India,2014,7.17
India,2015,7.56
India,2016,7.81
India,2017,8.11
India,2018,8.65
India,2019,8.97
India,2020,12.11
India,2021,12.66
India,2022,12.81
India,2023,13.25
India,2024,13.45
Indonesia,2010,5.6
Indonesia,2011,5.81
Indonesia,2012,6.11
Indonesia,2013,6.29
Indonesia,2014,6.82
Indonesia,2015,7.18
Indonesia,2016,7.41
Indonesia,2017,7.93
Indonesia,2018,8.42
Indonesia,2019,8.73
Indonesia,2020,11.3
Indonesia,2021,12.22
Indonesia,2022,12.5
Indonesia,2023,12.74
Indonesia,2024,12.99
Iran,2010,12.17
Iran,2011,12.67
Iran,2012,13.06
Iran,2013,13.39
Iran,2014,13.77
Iran,2015,14.19
Iran,2016,14.75
Iran,2017,15.2
Iran,2018,15.52
Iran,2019,15.86
Iran,2020,18.11
Iran,2021,18.76
Iran,2022,19.18
Iran,2023,19.28
Iran,2024,19.72
Iraq,2010,13.97
Iraq,2011,14.24
Iraq,2012,14.67
Iraq,2013,14.9
Iraq,2014,15.38
Iraq,2015,15.68
Iraq,2016,15.88
Iraq,2017,16.38
Iraq,2018,16.55
Iraq,2019,16.73
Iraq,2020,19.74
Iraq,2021,21.14
Iraq,2022,21.51
Iraq,2023,21.92
Iraq,2024,22.4
Ireland,2010,8.83
Ireland,2011,9.29
Ireland,2012,9.55
Ireland,2013,9.81
Ireland,2014,10.19
Ireland,2015,10.72
Ireland,2016,10.99
Ireland,2017,11.18
Ireland,2018,11.35
Ireland,2019,11.77
Ireland,2020,14.43
Ireland,2021,15.56
Ireland,2022,15.88
Ireland,2023,16.49
Ireland,2024,16.9
Israel,2010,6.2
Israel,2011,6.38
Israel,2012,6.73
Israel,2013,7.14
Israel,2014,7.68
Israel,2015,8.15
Israel,2016,8.48
Israel,2017,8.8
Israel,2018,9.2
Israel,2019,9.58
Israel,2020,12.04
Israel,2021,12.92
Israel,2022,13.12
Israel,2023,13.51
Israel,2024,13.86
Italy,2010,10.28
Italy,2011,10.75
Italy,2012,11.28
Italy,2013,11.79
Italy,2014,11.93
Italy,2015,12.37
Italy,2016,12.94
Italy,2017,13.27
Italy,2018,13.61
Italy,2019,14.13
Italy,2020,17.0
Italy,2021,17.64
Italy,2022,17.88
Italy,2023,18.26
Italy,2024,18.66
Jamaica,2010,12.25
Jamaica,2011,12.75
Jamaica,2012,12.9
Jamaica,2013,13.42
Jamaica,2014,13.73
Jamaica,2015,14.24
Jamaica,2016,14.72
Jamaica,2017,15.2
Jamaica,2018,15.43
Jamaica,2019,15.62
Jamaica,2020,17.82
Jamaica,2021,19.27
Jamaica,2022,19.63
Jamaica,2023,19.92
Jamaica,2024,20.15
Japan,2010,4.1
Japan,2011,4.19
Japan,2012,4.45
Japan,2013,4.65
Japan,2014,5.22
Japan,2015,5.66
Japan,2016,5.95
Japan,2017,6.26
Japan,2018,6.79
Japan,2019,7.14
Japan,2020,9.65
Japan,2021,10.77
Japan,2022,11.05
Japan,2023,11.38
Japan,2024,11.92
Jordan,2010,14.37
Jordan,2011,14.7
Jordan,2012,14.98
Jordan,2013,15.15
Jordan,2014,15.41
Jordan,2015,15.78
Jordan,2016,15.98
Jordan,2017,16.13
Jordan,2018,16.41
Jordan,2019,16.71
Jordan,2020,18.84
Jordan,2021,19.62
Jordan,2022,20.01
Jordan,2023,20.57
Jordan,2024,21.02
Kazakhstan,2010,5.65
Kazakhstan,2011,5.94
Kazakhstan,2012,6.25
Kazakhstan,2013,6.7
Kazakhstan,2014,6.8
Kazakhstan,2015,7.27
Kazakhstan,2016,7.83
Kazakhstan,2017,8.38
Kazakhstan,2018,8.55
Kazakhstan,2019,9.03
Kazakhstan,2020,12.44
Kazakhstan,2021,13.4
Kazakhstan,2022,13.62
Kazakhstan,2023,13.8
Kazakhstan,2024,14.21
Kenya,2010,6.25
Kenya,2011,6.56
Kenya,2012,7.02
Kenya,2013,7.34
Kenya,2014,7.66
Kenya,2015,7.94
Kenya,2016,8.31
Kenya,2017,8.67
Kenya,2018,9.0
Kenya,2019,9.4
Kenya,2020,11.12
Kenya,2021,12.46
Kenya,2022,12.63
Kenya,2023,12.78
Kenya,2024,12.99
Kiribati,2010,12.82
Kiribati,2011,13.21
Kiribati,2012,13.4
Kiribati,2013,13.89
Kiribati,2014,14.24
Kiribati,2015,14.75
Kiribati,2016,15.25
Kiribati,2017,15.35
Kiribati,2018,15.87
Kiribati,2019,16.04
Kiribati,2020,19.08
Kiribati,2021,19.95
Kiribati,2022,20.09
Kiribati,2023,20.63
Kiribati,2024,20.94
"Korea, Rep.",2010,4.25
"Korea, Rep.",2011,4.68
"Korea, Rep.",2012,4.94
"Korea, Rep.",2013,5.07
"Korea, Rep.",2014,5.34
"Korea, Rep.",2015,5.76
"Korea, Rep.",2016,6.11
"Korea, Rep.",2017,6.68
"Korea, Rep.",2018,7.19
"Korea, Rep.",2019,7.56
"Korea, Rep.",2020,9.45
"Korea, Rep.",2021,10.73
"Korea, Rep.",2022,11.0
"Korea, Rep.",2023,11.48
"Korea, Rep.",2024,11.85
Kosovo,2010,26.13
Kosovo,2011,26.54
Kosovo,2012,27.0
Kosovo,2013,27.28
Kosovo,2014,27.38
Kosovo,2015,27.75
Kosovo,2016,28.13
Kosovo,2017,28.41
Kosovo,2018,28.82
Kosovo,2019,28.97
Kosovo,2020,31.56
Kosovo,2021,32.23
Kosovo,2022,32.48
Kosovo,2023,32.79
Kosovo,2024,33.38
Kuwait,2010,2.48
Kuwait,2011,2.88
Kuwait,2012,3.51
Kuwait,2013,4.07
Kuwait,2014,4.37
Kuwait,2015,4.73
Kuwait,2016,4.98
Kuwait,2017,5.39
Kuwait,2018,5.95
Kuwait,2019,6.57
Kuwait,2020,9.58
Kuwait,2021,10.8
Kuwait,2022,11.12
Kuwait,2023,11.42
Kuwait,2024,11.87
Kyrgyz Republic,2010,6.6
Kyrgyz Republic,2011,6.76
Kyrgyz Republic,2012,7.16
Kyrgyz Republic,2013,7.47
Kyrgyz Republic,2014,7.87
Kyrgyz Republic,2015,8.16
Kyrgyz Republic,2016,8.35
Kyrgyz Republic,2017,8.75
Kyrgyz Republic,2018,8.92
Kyrgyz Republic,2019,9.36
Kyrgyz Republic,2020,12.38
Kyrgyz Republic,2021,13.64
Kyrgyz Republic,2022,14.25
Kyrgyz Republic,2023,14.58
Kyrgyz Republic,2024,14.94
Lao PDR,2010,1.03
Lao PDR,2011,1.35
Lao PDR,2012,1.73
Lao PDR,2013,1.96
Lao PDR,2014,2.09
Lao PDR,2015,2.2
Lao PDR,2016,2.6
Lao PDR,2017,3.11
Lao PDR,2018,3.46
Lao PDR,2019,3.89
Lao PDR,2020,7.18
Lao PDR,2021,8.1
Lao PDR,2022,8.53
Lao PDR,2023,8.79
Lao PDR,2024,9.07
Latvia,2010,12.71
Latvia,2011,12.84
Latvia,2012,13.19
Latvia,2013,13.52
Latvia,2014,14.06
Latvia,2015,14.42
Latvia,2016,14.9
Latvia,2017,15.26
Latvia,2018,15.55
Latvia,2019,15.74
Latvia,2020,17.24
Latvia,2021,17.79
Latvia,2022,18.2
Latvia,2023,18.44
Latvia,2024,18.56
Lebanon,2010,11.96
Lebanon,2011,12.28
Lebanon,2012,12.8
Lebanon,2013,13.07
Lebanon,2014,13.43
Lebanon,2015,13.78
Lebanon,2016,14.21
Lebanon,2017,14.8
Lebanon,2018,15.19
Lebanon,2019,15.62
Lebanon,2020,18.54
Lebanon,2021,19.62
Lebanon,2022,19.97
Lebanon,2023,20.28
Lebanon,2024,20.63
Lesotho,2010,26.31
Lesotho,2011,26.67
Lesotho,2012,27.11
Lesotho,2013,27.61
Lesotho,2014,28.02
Lesotho,2015,28.55
Lesotho,2016,29.08
Lesotho,2017,29.45
Lesotho,2018,29.66
Lesotho,2019,30.11
Lesotho,2020,33.06
Lesotho,2021,34.06
Lesotho,2022,34.27
Lesotho,2023,34.78
Lesotho,2024,34.95
Liberia,2010,3.41
Liberia,2011,3.96
Liberia,2012,4.21
Liberia,2013,4.72
Liberia,2014,5.22
Liberia,2015,5.44
Liberia,2016,5.96
Liberia,2017,6.3
Liberia,2018,6.64
Liberia,2019,6.99
Liberia,2020,9.07
Liberia,2021,10.37
Liberia,2022,10.68
Liberia,2023,11.15
Liberia,2024,11.47
Libya,2010,20.07
Libya,2011,20.37
Libya,2012,20.62
Libya,2013,20.95
Libya,2014,21.34
Libya,2015,21.65
Libya,2016,21.92
Libya,2017,22.27
Libya,2018,22.45
Libya,2019,22.98
Libya,2020,24.87
Libya,2021,25.48
Libya,2022,25.69
Libya,2023,26.17
Libya,2024,26.39
Lithuania,2010,12.1
Lithuania,2011,12.3
Lithuania,2012,12.78
Lithuania,2013,13.06
Lithuania,2014,13.31
Lithuania,2015,13.57
Lithuania,2016,13.79
Lithuania,2017,14.32
Lithuania,2018,14.58
Lithuania,2019,14.94
Lithuania,2020,17.63
Lithuania,2021,18.4
Lithuania,2022,18.74
Lithuania,2023,19.07
Lithuania,2024,19.52
Luxembourg,2010,5.63
Luxembourg,2011,6.11
Luxembourg,2012,6.48
Luxembourg,2013,6.86
Luxembourg,2014,7.4
Luxembourg,2015,7.68
Luxembourg,2016,8.15
Luxembourg,2017,8.32
Luxembourg,2018,8.63
Luxembourg,2019,9.1
Luxembourg,2020,10.97
Luxembourg,2021,11.58
Luxembourg,2022,11.76
Luxembourg,2023,12.06
Luxembourg,2024,12.52
Madagascar,2010,1.86
Madagascar,2011,2.13
Madagascar,2012,2.54
Madagascar,2013,2.85
Madagascar,2014,3.14
Madagascar,2015,3.52
Madagascar,2016,3.79
Madagascar,2017,3.98
Madagascar,2018,4.19
Madagascar,2019,4.39
Madagascar,2020,7.24
Madagascar,2021,8.58
Madagascar,2022,9.12
Madagascar,2023,9.61
Madagascar,2024,9.9
Malawi,2010,6.69
Malawi,2011,6.92
Malawi,2012,7.36
Malawi,2013,7.75
Malawi,2014,7.99
Malawi,2015,8.51
Malawi,2016,8.93
Malawi,2017,9.24
Malawi,2018,9.63
Malawi,2019,10.01
Malawi,2020,13.16
Malawi,2021,13.68
Malawi,2022,13.97
Malawi,2023,14.19
Malawi,2024,14.55
Malaysia,2010,3.8
Malaysia,2011,4.13
Malaysia,2012,4.27
Malaysia,2013,4.4
Malaysia,2014,4.91
Malaysia,2015,5.41
Malaysia,2016,5.58
Malaysia,2017,5.8
Malaysia,2018,6.17
Malaysia,2019,6.43
Malaysia,2020,8.55
Malaysia,2021,9.37
Malaysia,2022,9.68
Malaysia,2023,10.28
Malaysia,2024,10.47
Maldives,2010,6.87
Maldives,2011,7.23
Maldives,2012,7.74
Maldives,2013,8.27
Maldives,2014,8.63
Maldives,2015,8.93
Maldives,2016,9.25
Maldives,2017,9.4
Maldives,2018,9.5
Maldives,2019,9.99
Maldives,2020,11.65
Maldives,2021,13.04
Maldives,2022,13.27
Maldives,2023,13.42
Maldives,2024,13.81
Mali,2010,7.34
Mali,2011,7.58
Mali,2012,7.98
Mali,2013,8.38
Mali,2014,8.69
Mali,2015,9.11
Mali,2016,9.42
Mali,2017,9.74
Mali,2018,10.25
Mali,2019,10.49
Mali,2020,12.66
Mali,2021,13.37
Mali,2022,13.81
Mali,2023,14.07
Mali,2024,14.25
Malta,2010,6.31
Malta,2011,6.67
Malta,2012,7.11
Malta,2013,7.24
Malta,2014,7.67
Malta,2015,8.22
Malta,2016,8.67
Malta,2017,9.05
Malta,2018,9.29
Malta,2019,9.87
Malta,2020,12.14
Malta,2021,12.84
Malta,2022,13.18
Malta,2023,13.51
Malta,2024,13.87
Mauritania,2010,11.77
Mauritania,2011,12.17
Mauritania,2012,12.65
Mauritania,2013,12.96
Mauritania,2014,13.18
Mauritania,2015,13.37
Mauritania,2016,13.67
Mauritania,2017,14.13
Mauritania,2018,14.4
Mauritania,2019,14.71
Mauritania,2020,17.82
Mauritania,2021,18.39
Mauritania,2022,18.84
Mauritania,2023,19.35
Mauritania,2024,19.8
Mauritius,2010,7.19
Mauritius,2011,7.65
Mauritius,2012,7.81
Mauritius,2013,8.35
Mauritius,2014,8.9
Mauritius,2015,9.33
Mauritius,2016,9.82
Mauritius,2017,10.11
Mauritius,2018,10.51
Mauritius,2019,10.71
Mauritius,2020,12.64
Mauritius,2021,13.64
Mauritius,2022,13.77
Mauritius,2023,14.15
Mauritius,2024,14.64
Mexico,2010,3.87
Mexico,2011,4.21
Mexico,2012,4.73
Mexico,2013,4.96
Mexico,2014,5.27
Mexico,2015,5.57
Mexico,2016,5.9
Mexico,2017,6.42
Mexico,2018,6.76
Mexico,2019,7.04
Mexico,2020,8.61
Mexico,2021,9.99
Mexico,2022,10.28
Mexico,2023,10.54
Mexico,2024,10.95
Micronesia,2010,15.41
Micronesia,2011,16.03
Micronesia,2012,16.58
Micronesia,2013,16.88
Micronesia,2014,16.98
Micronesia,2015,17.43
Micronesia,2016,17.94
Micronesia,2017,18.55
Micronesia,2018,18.69
Micronesia,2019,18.9
Micronesia,2020,21.97
Micronesia,2021,23.12
Micronesia,2022,23.24
Micronesia,2023,23.71
Micronesia,2024,24.0
Moldova,2010,6.39
Moldova,2011,6.79
Moldova,2012,7.28
Moldova,2013,7.8
Moldova,2014,8.21
Moldova,2015,8.59
Moldova,2016,8.89
Moldova,2017,9.49
Moldova,2018,9.8
Moldova,2019,10.22
Moldova,2020,13.33
Moldova,2021,13.88
Moldova,2022,14.27
Moldova,2023,14.63
Moldova,2024,15.02
Mongolia,2010,6.91
Mongolia,2011,7.36
Mongolia,2012,7.54
Mongolia,2013,7.96
Mongolia,2014,8.28
Mongolia,2015,8.66
Mongolia,2016,9.02
Mongolia,2017,9.3
Mongolia,2018,9.75
Mongolia,2019,10.29
Mongolia,2020,12.77
Mongolia,2021,13.84
Mongolia,2022,14.25
Mongolia,2023,14.65
Mongolia,2024,14.82
Montenegro,2010,17.99
Montenegro,2011,18.24
Montenegro,2012,18.82
Montenegro,2013,19.13
Montenegro,2014,19.71
Montenegro,2015,20.04
Montenegro,2016,20.42
Montenegro,2017,20.77
Montenegro,2018,21.28
Montenegro,2019,21.76
Montenegro,2020,23.93
Montenegro,2021,25.25
Montenegro,2022,25.84
Montenegro,2023,26.03
Montenegro,2024,26.16
Morocco,2010,10.16
Morocco,2011,10.32
Morocco,2012,10.46
Morocco,2013,11.03
Morocco,2014,11.51
Morocco,2015,11.88
Morocco,2016,12.12
Morocco,2017,12.28
Morocco,2018,12.51
Morocco,2019,12.78
Morocco,2020,14.57
Morocco,2021,15.23
Morocco,2022,15.45
Morocco,2023,15.76
Morocco,2024,16.09
Mozambique,2010,3.68
Mozambique,2011,3.96
Mozambique,2012,4.23
Mozambique,2013,4.45
Mozambique,2014,4.84
Mozambique,2015,5.03
Mozambique,2016,5.43
Mozambique,2017,5.86
Mozambique,2018,6.4
Mozambique,2019,6.7
Mozambique,2020,9.98
Mozambique,2021,10.97
Mozambique,2022,11.39
Mozambique,2023,11.84
Mozambique,2024,12.25
Myanmar,2010,0.77
Myanmar,2011,1.19
Myanmar,2012,1.33
Myanmar,2013,1.72
Myanmar,2014,2.11
Myanmar,2015,2.5
Myanmar,2016,2.79
Myanmar,2017,3.15
Myanmar,2018,3.41
Myanmar,2019,3.6
Myanmar,2020,6.75
Myanmar,2021,8.22
Myanmar,2022,8.49
Myanmar,2023,8.89
Myanmar,2024,9.08
Namibia,2010,20.37
Namibia,2011,20.71
Namibia,2012,21.03
Namibia,2013,21.41
Namibia,2014,21.61
Namibia,2015,21.92
Namibia,2016,22.4
Namibia,2017,22.72
Namibia,2018,23.01
Namibia,2019,23.24
Namibia,2020,25.32
Namibia,2021,26.73
Namibia,2022,27.06
Namibia,2023,27.38
Namibia,2024,27.71
Nepal,2010,4.83
Nepal,2011,5.23
Nepal,2012,5.58
Nepal,2013,5.7
Nepal,2014,6.0
Nepal,2015,6.51
Nepal,2016,6.87
Nepal,2017,6.94
Nepal,2018,7.29
Nepal,2019,7.64
Nepal,2020,9.61
Nepal,2021,10.22
Nepal,2022,10.54
Nepal,2023,10.76
Nepal,2024,11.17
Netherlands,2010,5.41
Netherlands,2011,5.77
Netherlands,2012,6.19
Netherlands,2013,6.63
Netherlands,2014,6.71
Netherlands,2015,7.16
Netherlands,2016,7.52
Netherlands,2017,7.68
Netherlands,2018,8.22
Netherlands,2019,8.63
Netherlands,2020,10.76
Netherlands,2021,12.15
Netherlands,2022,12.5
Netherlands,2023,12.93
Netherlands,2024,13.19
New Zealand,2010,5.55
New Zealand,2011,5.99
New Zealand,2012,6.16
New Zealand,2013,6.43
New Zealand,2014,6.83
New Zealand,2015,7.22
New Zealand,2016,7.66
New Zealand,2017,7.75
New Zealand,2018,8.03
New Zealand,2019,8.42
New Zealand,2020,10.41
New Zealand,2021,11.66
New Zealand,2022,12.11
New Zealand,2023,12.68
New Zealand,2024,12.97
Nicaragua,2010,5.02
Nicaragua,2011,5.39
Nicaragua,2012,5.82
Nicaragua,2013,6.42
Nicaragua,2014,6.77
Nicaragua,2015,6.96
Nicaragua,2016,7.16
Nicaragua,2017,7.59
Nicaragua,2018,7.9
Nicaragua,2019,8.19
Nicaragua,2020,10.89
Nicaragua,2021,11.5
Nicaragua,2022,11.99
Nicaragua,2023,12.36
Nicaragua,2024,12.89
Niger,2010,0.97
Niger,2011,1.48
Niger,2012,1.75
Niger,2013,2.05
Niger,2014,2.37
Niger,2015,2.74
Niger,2016,3.12
Niger,2017,3.25
Niger,2018,3.7
Niger,2019,3.96
Niger,2020,5.8
Niger,2021,7.24
Niger,2022,7.83
Niger,2023,8.25
Niger,2024,8.53
Nigeria,2010,5.38
Nigeria,2011,5.78
Nigeria,2012,6.08
Nigeria,2013,6.38
Nigeria,2014,6.78
Nigeria,2015,7.22
Nigeria,2016,7.49
Nigeria,2017,7.88
Nigeria,2018,8.01
Nigeria,2019,8.35
Nigeria,2020,10.61
Nigeria,2021,11.5
Nigeria,2022,11.77
Nigeria,2023,12.14
Nigeria,2024,12.67
North Macedonia,2010,22.62
North Macedonia,2011,22.93
North Macedonia,2012,23.23
North Macedonia,2013,23.74
North Macedonia,2014,24.02
North Macedonia,2015,24.23
North Macedonia,2016,24.75
North Macedonia,2017,25.02
North Macedonia,2018,25.34
North Macedonia,2019,25.76
North Macedonia,2020,28.01
North Macedonia,2021,28.87
North Macedonia,2022,29.24
North Macedonia,2023,29.51
North Macedonia,2024,29.73
Norway,2010,3.95
Norway,2011,4.13
Norway,2012,4.5
Norway,2013,4.78
Norway,2014,5.2
Norway,2015,5.61
Norway,2016,6.2
Norway,2017,6.72
Norway,2018,7.08
Norway,2019,7.51
Norway,2020,10.48
Norway,2021,11.81
Norway,2022,12.28
Norway,2023,12.57
Norway,2024,12.97
Oman,2010,2.85
Oman,2011,3.15
Oman,2012,3.46
Oman,2013,3.61
Oman,2014,3.95
Oman,2015,4.41
Oman,2016,4.78
Oman,2017,5.28
Oman,2018,5.73
Oman,2019,6.1
Oman,2020,8.8
Oman,2021,9.42
Oman,2022,9.81
Oman,2023,10.11
Oman,2024,10.42
Pakistan,2010,6.42
Pakistan,2011,6.65
Pakistan,2012,7.2
Pakistan,2013,7.39
Pakistan,2014,7.47
Pakistan,2015,7.9
Pakistan,2016,8.07
Pakistan,2017,8.38
Pakistan,2018,8.76
Pakistan,2019,9.14
Pakistan,2020,10.74
Pakistan,2021,11.64
Pakistan,2022,11.87
Pakistan,2023,12.16
Pakistan,2024,12.31
Panama,2010,7.35
Panama,2011,7.85
Panama,2012,8.2
Panama,2013,8.6
Panama,2014,8.93
Panama,2015,9.12
Panama,2016,9.66
Panama,2017,9.85
Panama,2018,10.42
Panama,2019,10.63
Panama,2020,12.3
Panama,2021,12.85
Panama,2022,13.18
Panama,2023,13.45
Panama,2024,13.71
Papua New Guinea,2010,3.36
Papua New Guinea,2011,3.69
Papua New Guinea,2012,3.86
Papua New Guinea,2013,4.14
Papua New Guinea,2014,4.41
Papua New Guinea,2015,4.59
Papua New Guinea,2016,4.91
Papua New Guinea,2017,5.23
Papua New Guinea,2018,5.81
Papua New Guinea,2019,6.02
Papua New Guinea,2020,8.87
Papua New Guinea,2021,10.19
Papua New Guinea,2022,10.41
Papua New Guinea,2023,10.79
Papua New Guinea,2024,11.12
Paraguay,2010,6.07
Paraguay,2011,6.47
Paraguay,2012,7.05
Paraguay,2013,7.47
Paraguay,2014,7.86
Paraguay,2015,8.24
Paraguay,2016,8.54
Paraguay,2017,8.86
Paraguay,2018,9.23
Paraguay,2019,9.76
Paraguay,2020,12.82
Paraguay,2021,13.36
Paraguay,2022,13.98
Paraguay,2023,14.18
Paraguay,2024,14.53
Peru,2010,4.24
Peru,2011,4.62
Peru,2012,5.13
Peru,2013,5.48
Peru,2014,5.89
Peru,2015,6.32
Peru,2016,6.58
Peru,2017,6.93
Peru,2018,7.25
Peru,2019,7.71
Peru,2020,9.48
Peru,2021,10.02
Peru,2022,10.39
Peru,2023,10.87
Peru,2024,11.16
Philippines,2010,5.38
Philippines,2011,5.51
Philippines,2012,5.88
Philippines,2013,6.15
Philippines,2014,6.49
Philippines,2015,6.84
Philippines,2016,7.33
Philippines,2017,7.7
Philippines,2018,7.8
Philippines,2019,8.13
Philippines,2020,9.92
Philippines,2021,10.94
Philippines,2022,11.47
Philippines,2023,11.96
Philippines,2024,12.5
Poland,2010,9.94
Poland,2011,10.14
Poland,2012,10.57
Poland,2013,10.81
Poland,2014,11.17
Poland,2015,11.59
Poland,2016,11.78
Poland,2017,12.11
Poland,2018,12.63
Poland,2019,12.83
Poland,2020,14.57
Poland,2021,15.43
Poland,2022,15.56
Poland,2023,16.02
Poland,2024,16.53
Portugal,2010,10.33
Portugal,2011,10.66
Portugal,2012,11.01
Portugal,2013,11.16
Portugal,2014,11.33
Portugal,2015,11.73
Portugal,2016,12.07
Portugal,2017,12.68
Portugal,2018,13.15
Portugal,2019,13.39
Portugal,2020,16.26
Portugal,2021,17.39
Portugal,2022,17.65
Portugal,2023,18.12
Portugal,2024,18.66
Qatar,2010,1.02
Qatar,2011,1.31
Qatar,2012,1.45
Qatar,2013,1.82
Qatar,2014,2.19
Qatar,2015,2.56
Qatar,2016,2.79
Qatar,2017,3.18
Qatar,2018,3.27
Qatar,2019,3.53
Qatar,2020,6.3
Qatar,2021,7.3
Qatar,2022,7.63
Qatar,2023,7.96
Qatar,2024,8.52
Romania,2010,7.54
Romania,2011,7.9
Romania,2012,8.14
Romania,2013,8.57
Romania,2014,9.0
Romania,2015,9.15
Romania,2016,9.45
Romania,2017,9.81
Romania,2018,10.18
Romania,2019,10.59
Romania,2020,12.6
Romania,2021,14.06
Romania,2022,14.25
Romania,2023,14.55
Romania,2024,14.85
Russian Federation,2010,6.68
Russian Federation,2011,6.96
Russian Federation,2012,7.31
Russian Federation,2013,7.6
Russian Federation,2014,7.98
Russian Federation,2015,8.25
Russian Federation,2016,8.82
Russian Federation,2017,9.35
Russian Federation,2018,9.59
Russian Federation,2019,10.0
Russian Federation,2020,11.75
Russian Federation,2021,12.98
Russian Federation,2022,13.11
Russian Federation,2023,13.51
Russian Federation,2024,13.99
Rwanda,2010,1.79
Rwanda,2011,2.03
Rwanda,2012,2.52
Rwanda,2013,2.78
Rwanda,2014,2.92
Rwanda,2015,3.28
Rwanda,2016,3.63
Rwanda,2017,4.09
Rwanda,2018,4.41
Rwanda,2019,4.79
Rwanda,2020,6.84
Rwanda,2021,8.22
Rwanda,2022,8.61
Rwanda,2023,8.89
Rwanda,2024,9.22
Samoa,2010,8.5
Samoa,2011,8.9
Samoa,2012,9.48
Samoa,2013,9.83
Samoa,2014,10.15
Samoa,2015,10.32
Samoa,2016,10.7
Samoa,2017,10.88
Samoa,2018,11.38
Samoa,2019,11.61
Samoa,2020,14.75
Samoa,2021,15.6
Samoa,2022,16.06
Samoa,2023,16.55
Samoa,2024,17.01
Sao Tome and Principe,2010,14.16
Sao Tome and Principe,2011,14.56
Sao Tome and Principe,2012,14.86
Sao Tome and Principe,2013,15.14
Sao Tome and Principe,2014,15.39
Sao Tome and Principe,2015,15.82
Sao Tome and Principe,2016,16.14
Sao Tome and Principe,2017,16.35
Sao Tome and Principe,2018,16.5
Sao Tome and Principe,2019,16.73
Sao Tome and Principe,2020,19.25
Sao Tome and Principe,2021,20.59
Sao Tome and Principe,2022,20.84
Sao Tome and Principe,2023,20.93
Sao Tome and Principe,2024,21.32
Saudi Arabia,2010,5.98
Saudi Arabia,2011,6.33
Saudi Arabia,2012,6.43
Saudi Arabia,2013,6.69
Saudi Arabia,2014,6.95
Saudi Arabia,2015,7.54
Saudi Arabia,2016,7.7
Saudi Arabia,2017,7.84
Saudi Arabia,2018,8.08
Saudi Arabia,2019,8.31
Saudi Arabia,2020,11.71
Saudi Arabia,2021,12.77
Saudi Arabia,2022,12.84
Saudi Arabia,2023,13.28
Saudi Arabia,2024,13.6
Senegal,2010,3.18
Senegal,2011,3.39
Senegal,2012,3.75
Senegal,2013,4.2
Senegal,2014,4.46
Senegal,2015,4.61
Senegal,2016,4.96
Senegal,2017,5.37
Senegal,2018,5.84
Senegal,2019,6.0
Senegal,2020,9.48
Senegal,2021,10.81
Senegal,2022,11.05
Senegal,2023,11.52
Senegal,2024,11.86
Serbia,2010,17.37
Serbia,2011,17.72
Serbia,2012,18.26
Serbia,2013,18.59
Serbia,2014,18.89
Serbia,2015,19.23
Serbia,2016,19.55
Serbia,2017,19.94
Serbia,2018,20.31
Serbia,2019,20.45
Serbia,2020,23.77
Serbia,2021,24.62
Serbia,2022,25.02
Serbia,2023,25.3
Serbia,2024,25.7
Sierra Leone,2010,4.74
Sierra Leone,2011,5.13
Sierra Leone,2012,5.46
Sierra Leone,2013,5.63
Sierra Leone,2014,6.08
Sierra Leone,2015,6.42
Sierra Leone,2016,6.88
Sierra Leone,2017,7.33
Sierra Leone,2018,7.57
Sierra Leone,2019,7.82
Sierra Leone,2020,9.9
Sierra Leone,2021,10.68
Sierra Leone,2022,10.96
Sierra Leone,2023,11.47
Sierra Leone,2024,11.71
Singapore,2010,2.97
Singapore,2011,3.3
Singapore,2012,3.78
Singapore,2013,3.89
Singapore,2014,4.38
Singapore,2015,4.87
Singapore,2016,5.29
Singapore,2017,5.84
Singapore,2018,6.12
Singapore,2019,6.31
Singapore,2020,8.92
Singapore,2021,10.03
Singapore,2022,10.13
Singapore,2023,10.39
Singapore,2024,10.59
Slovak Republic,2010,12.21
Slovak Republic,2011,12.46
Slovak Republic,2012,12.95
Slovak Republic,2013,13.29
Slovak Republic,2014,13.65
Slovak Republic,2015,14.01
Slovak Republic,2016,14.46
Slovak Republic,2017,15.09
Slovak Republic,2018,15.44
Slovak Republic,2019,15.77
Slovak Republic,2020,17.78
Slovak Republic,2021,19.14
Slovak Republic,2022,19.54
Slovak Republic,2023,19.89
Slovak Republic,2024,20.26
Slovenia,2010,8.24
Slovenia,2011,8.77
Slovenia,2012,9.19
Slovenia,2013,9.71
Slovenia,2014,10.26
Slovenia,2015,10.46
Slovenia,2016,10.93
Slovenia,2017,11.22
Slovenia,2018,11.51
Slovenia,2019,11.88
Slovenia,2020,14.2
Slovenia,2021,15.48
Slovenia,2022,15.91
Slovenia,2023,16.46
Slovenia,2024,16.82
Solomon Islands,2010,1.85
Solomon Islands,2011,2.02
Solomon Islands,2012,2.25
Solomon Islands,2013,2.47
Solomon Islands,2014,3.02
Solomon Islands,2015,3.42
Solomon Islands,2016,3.96
Solomon Islands,2017,4.26
Solomon Islands,2018,4.8
Solomon Islands,2019,5.1
Solomon Islands,2020,6.84
Solomon Islands,2021,8.2
Solomon Islands,2022,8.58
Solomon Islands,2023,8.92
Solomon Islands,2024,9.44
Somalia,2010,8.43
Somalia,2011,8.77
Somalia,2012,9.26
Somalia,2013,9.59
Somalia,2014,9.95
Somalia,2015,10.23
Somalia,2016,10.68
Somalia,2017,10.89
Somalia,2018,11.36
Somalia,2019,11.68
Somalia,2020,14.1
Somalia,2021,15.31
Somalia,2022,15.65
Somalia,2023,16.11
Somalia,2024,16.53
South Africa,2010,25.4
South Africa,2011,25.84
South Africa,2012,26.19
South Africa,2013,26.64
South Africa,2014,26.84
South Africa,2015,27.26
South Africa,2016,27.66
South Africa,2017,27.76
South Africa,2018,28.26
South Africa,2019,28.53
South Africa,2020,30.91
South Africa,2021,31.92
South Africa,2022,32.31
South Africa,2023,32.46
South Africa,2024,32.88
South Sudan,2010,12.3
South Sudan,2011,12.65
South Sudan,2012,13.14
South Sudan,2013,13.45
South Sudan,2014,13.8
South Sudan,2015,14.1
South Sudan,2016,14.63
South Sudan,2017,15.09
South Sudan,2018,15.26
South Sudan,2019,15.49
South Sudan,2020,18.82
South Sudan,2021,19.49
South Sudan,2022,19.6
South Sudan,2023,20.14
South Sudan,2024,20.36
Spain,2010,16.51
Spain,2011,16.86
Spain,2012,17.16
Spain,2013,17.51
Spain,2014,17.65
Spain,2015,17.77
Spain,2016,18.18
Spain,2017,18.46
Spain,2018,18.87
Spain,2019,19.44
Spain,2020,21.86
Spain,2021,23.35
Spain,2022,23.7
Spain,2023,24.21
Spain,2024,24.54
Sri Lanka,2010,5.17
Sri Lanka,2011,5.34
Sri Lanka,2012,5.7
Sri Lanka,2013,6.1
Sri Lanka,2014,6.25
Sri Lanka,2015,6.44
Sri Lanka,2016,6.57
Sri Lanka,2017,6.87
Sri Lanka,2018,7.16
Sri Lanka,2019,7.74
Sri Lanka,2020,9.46
Sri Lanka,2021,10.25
Sri Lanka,2022,10.49
Sri Lanka,2023,10.82
Sri Lanka,2024,11.1
St. Lucia,2010,16.21
St. Lucia,2011,16.59
St. Lucia,2012,17.05
St. Lucia,2013,17.41
St. Lucia,2014,17.79
St. Lucia,2015,18.15
St. Lucia,2016,18.35
St. Lucia,2017,18.92
St. Lucia,2018,19.48
St. Lucia,2019,19.86
St. Lucia,2020,22.11
St. Lucia,2021,22.77
St. Lucia,2022,23.08
St. Lucia,2023,23.38
St. Lucia,2024,23.89
Sudan,2010,19.99
Sudan,2011,20.23
Sudan,2012,20.52
Sudan,2013,20.66
Sudan,2014,21.28
Sudan,2015,21.45
Sudan,2016,21.67
Sudan,2017,22.05
Sudan,2018,22.36
Sudan,2019,22.82
Sudan,2020,25.58
Sudan,2021,27.02
Sudan,2022,27.61
Sudan,2023,28.09
Sudan,2024,28.26
Suriname,2010,9.73
Suriname,2011,9.94
Suriname,2012,10.41
Suriname,2013,10.61
Suriname,2014,10.79
Suriname,2015,11.13
Suriname,2016,11.57
Suriname,2017,11.97
Suriname,2018,12.22
Suriname,2019,12.57
Suriname,2020,14.75
Suriname,2021,15.94
Suriname,2022,16.11
Suriname,2023,16.41
Suriname,2024,16.6
Sweden,2010,6.98
Sweden,2011,7.33
Sweden,2012,7.53
Sweden,2013,7.71
Sweden,2014,8.09
Sweden,2015,8.49
Sweden,2016,8.92
Sweden,2017,9.41
Sweden,2018,9.67
Sweden,2019,10.05
Sweden,2020,13.07
Sweden,2021,14.31
Sweden,2022,14.8
Sweden,2023,14.94
Sweden,2024,15.2
Switzerland,2010,4.05
Switzerland,2011,4.33
Switzerland,2012,4.8
Switzerland,2013,5.1
Switzerland,2014,5.6
Switzerland,2015,6.12
Switzerland,2016,6.4
Switzerland,2017,6.81
Switzerland,2018,7.39
Switzerland,2019,7.84
Switzerland,2020,10.13
Switzerland,2021,11.31
Switzerland,2022,11.72
Switzerland,2023,12.07
Switzerland,2024,12.4
Syria,2010,15.17
Syria,2011,15.54
Syria,2012,15.8
Syria,2013,16.35
Syria,2014,16.82
Syria,2015,17.28
Syria,2016,17.7
Syria,2017,17.96
Syria,2018,18.11
Syria,2019,18.17
Syria,2020,21.0
Syria,2021,21.65
Syria,2022,22.1
Syria,2023,22.6
Syria,2024,23.11
Taiwan,2010,4.45
Taiwan,2011,4.79
Taiwan,2012,4.97
Taiwan,2013,5.44
Taiwan,2014,5.75
Taiwan,2015,6.16
Taiwan,2016,6.5
Taiwan,2017,7.04
Taiwan,2018,7.27
Taiwan,2019,7.58
Taiwan,2020,9.48
Taiwan,2021,10.3
Taiwan,2022,10.77
Taiwan,2023,11.15
Taiwan,2024,11.71
Tajikistan,2010,6.79
Tajikistan,2011,6.93
Tajikistan,2012,7.24
Tajikistan,2013,7.54
Tajikistan,2014,7.94
Tajikistan,2015,8.15
Tajikistan,2016,8.68
Tajikistan,2017,9.22
Tajikistan,2018,9.68
Tajikistan,2019,9.98
Tajikistan,2020,12.46
Tajikistan,2021,13.48
Tajikistan,2022,13.83
Tajikistan,2023,13.96
Tajikistan,2024,14.34
Tanzania,2010,2.66
Tanzania,2011,2.99
Tanzania,2012,3.59
Tanzania,2013,3.89
Tanzania,2014,4.17
Tanzania,2015,4.47
Tanzania,2016,4.8
Tanzania,2017,5.23
Tanzania,2018,5.46
Tanzania,2019,5.95
Tanzania,2020,8.42
Tanzania,2021,9.03
Tanzania,2022,9.4
Tanzania,2023,9.66
Tanzania,2024,9.96
Thailand,2010,1.46
Thailand,2011,1.54
Thailand,2012,1.87
Thailand,2013,2.07
Thailand,2014,2.45
Thailand,2015,2.64
Thailand,2016,2.99
Thailand,2017,3.32
Thailand,2018,3.49
Thailand,2019,3.68
Thailand,2020,7.12
Thailand,2021,8.32
Thailand,2022,8.65
Thailand,2023,8.98
Thailand,2024,9.34
Timor-Leste,2010,5.32
Timor-Leste,2011,5.54
Timor-Leste,2012,6.04
Timor-Leste,2013,6.33
Timor-Leste,2014,6.74
Timor-Leste,2015,7.11
Timor-Leste,2016,7.2
Timor-Leste,2017,7.65
Timor-Leste,2018,7.9
Timor-Leste,2019,8.44
Timor-Leste,2020,11.1
Timor-Leste,2021,12.48
Timor-Leste,2022,13.0
Timor-Leste,2023,13.27
Timor-Leste,2024,13.48
Togo,2010,4.45
Togo,2011,4.79
Togo,2012,5.13
Togo,2013,5.39
Togo,2014,5.63
Togo,2015,5.92
Togo,2016,6.31
Togo,2017,6.46
Togo,2018,6.81
Togo,2019,7.15
Togo,2020,9.54
Togo,2021,10.13
Togo,2022,10.62
Togo,2023,11.03
Togo,2024,11.4
Trinidad and Tobago,2010,5.06
Trinidad and Tobago,2011,5.42
Trinidad and Tobago,2012,5.83
Trinidad and Tobago,2013,6.19
Trinidad and Tobago,2014,6.75
Trinidad and Tobago,2015,7.1
Trinidad and Tobago,2016,7.39
Trinidad and Tobago,2017,7.64
Trinidad and Tobago,2018,8.08
Trinidad and Tobago,2019,8.54
Trinidad and Tobago,2020,11.64
Trinidad and Tobago,2021,12.32
Trinidad and Tobago,2022,12.72
Trinidad and Tobago,2023,13.1
Trinidad and Tobago,2024,13.45
Tunisia,2010,16.01
Tunisia,2011,16.14
Tunisia,2012,16.42
Tunisia,2013,16.63
Tunisia,2014,16.82
Tunisia,2015,17.31
Tunisia,2016,17.58
Tunisia,2017,17.96
Tunisia,2018,18.34
Tunisia,2019,18.55
Tunisia,2020,20.12
Tunisia,2021,21.04
Tunisia,2022,21.52
Tunisia,2023,21.96
Tunisia,2024,22.51
Turkey,2010,10.23
Turkey,2011,10.69
Turkey,2012,10.97
Turkey,2013,11.42
Turkey,2014,11.66
Turkey,2015,12.1
Turkey,2016,12.46
Turkey,2017,12.69
Turkey,2018,13.18
Turkey,2019,13.46
Turkey,2020,15.35
Turkey,2021,16.63
Turkey,2022,16.89
Turkey,2023,17.09
Turkey,2024,17.52
Turkmenistan,2010,4.49
Turkmenistan,2011,4.86
Turkmenistan,2012,5.26
Turkmenistan,2013,5.62
Turkmenistan,2014,5.92
Turkmenistan,2015,6.11
Turkmenistan,2016,6.18
Turkmenistan,2017,6.5
Turkmenistan,2018,6.87
Turkmenistan,2019,7.06
Turkmenistan,2020,10.08
Turkmenistan,2021,11.12
Turkmenistan,2022,11.43
Turkmenistan,2023,12.01
Turkmenistan,2024,12.35
Uganda,2010,2.42
Uganda,2011,2.76
Uganda,2012,3.18
Uganda,2013,3.44
Uganda,2014,3.66
Uganda,2015,4.13
Uganda,2016,4.37
Uganda,2017,4.49
Uganda,2018,4.83
Uganda,2019,5.05
Uganda,2020,8.48
Uganda,2021,9.56
Uganda,2022,9.88
Uganda,2023,10.46
Uganda,2024,10.58
Ukraine,2010,9.1
Ukraine,2011,9.23
Ukraine,2012,9.62
Ukraine,2013,10.19
Ukraine,2014,10.49
Ukraine,2015,10.82
Ukraine,2016,11.22
Ukraine,2017,11.67
Ukraine,2018,11.97
Ukraine,2019,12.39
Ukraine,2020,15.11
Ukraine,2021,15.79
Ukraine,2022,16.05
Ukraine,2023,16.47
Ukraine,2024,16.9
United Arab Emirates,2010,3.13
United Arab Emirates,2011,3.49
United Arab Emirates,2012,3.76
United Arab Emirates,2013,3.89
United Arab Emirates,2014,4.29
United Arab Emirates,2015,4.76
United Arab Emirates,2016,5.24
United Arab Emirates,2017,5.5
United Arab Emirates,2018,5.99
United Arab Emirates,2019,6.37
United Arab Emirates,2020,8.66
United Arab Emirates,2021,10.12
United Arab Emirates,2022,10.53
United Arab Emirates,2023,10.96
United Arab Emirates,2024,11.43
United Kingdom,2010,5.4
United Kingdom,2011,5.74
United Kingdom,2012,6.03
United Kingdom,2013,6.21
United Kingdom,2014,6.46
United Kingdom,2015,6.75
United Kingdom,2016,6.95
United Kingdom,2017,7.42
United Kingdom,2018,7.78
United Kingdom,2019,8.19
United Kingdom,2020,10.91
United Kingdom,2021,11.47
United Kingdom,2022,11.92
United Kingdom,2023,12.29
United Kingdom,2024,12.6
United States,2010,5.95
United States,2011,6.33
United States,2012,6.46
United States,2013,6.8
United States,2014,7.05
United States,2015,7.26
United States,2016,7.5
United States,2017,7.82
United States,2018,8.1
United States,2019,8.73
United States,2020,10.37
United States,2021,11.37
United States,2022,11.91
United States,2023,12.33
United States,2024,12.68
Uruguay,2010,8.18
Uruguay,2011,8.35
Uruguay,2012,8.71
Uruguay,2013,9.08
Uruguay,2014,9.46
Uruguay,2015,9.87
Uruguay,2016,10.42
Uruguay,2017,10.74
Uruguay,2018,11.24
Uruguay,2019,11.57
Uruguay,2020,14.02
Uruguay,2021,15.4
Uruguay,2022,15.81
Uruguay,2023,16.04
Uruguay,2024,16.3
Uzbekistan,2010,5.6
Uzbekistan,2011,5.9
Uzbekistan,2012,6.16
Uzbekistan,2013,6.53
Uzbekistan,2014,7.05
Uzbekistan,2015,7.37
Uzbekistan,2016,7.89
Uzbekistan,2017,8.17
Uzbekistan,2018,8.64
Uzbekistan,2019,9.02
Uzbekistan,2020,11.8
Uzbekistan,2021,12.59
Uzbekistan,2022,12.85
Uzbekistan,2023,13.34
Uzbekistan,2024,13.47
Vanuatu,2010,5.76
Vanuatu,2011,6.11
Vanuatu,2012,6.38
Vanuatu,2013,6.94
Vanuatu,2014,7.2
Vanuatu,2015,7.3
Vanuatu,2016,7.47
Vanuatu,2017,7.71
Vanuatu,2018,8.23
Vanuatu,2019,8.74
Vanuatu,2020,10.79
Vanuatu,2021,12.29
Vanuatu,2022,12.5
Vanuatu,2023,12.84
Vanuatu,2024,13.32
Venezuela,2010,7.39
Venezuela,2011,7.76
Venezuela,2012,8.25
Venezuela,2013,8.53
Venezuela,2014,9.07
Venezuela,2015,9.52
Venezuela,2016,9.69
Venezuela,2017,10.2
Venezuela,2018,10.41
Venezuela,2019,10.73
Venezuela,2020,12.85
Venezuela,2021,14.32
Venezuela,2022,14.62
Venezuela,2023,14.98
Venezuela,2024,15.45
Vietnam,2010,2.43
Vietnam,2011,2.71
Vietnam,2012,2.95
Vietnam,2013,3.53
Vietnam,2014,3.85
Vietnam,2015,4.13
Vietnam,2016,4.5
Vietnam,2017,4.92
Vietnam,2018,5.31
Vietnam,2019,5.58
Vietnam,2020,8.72
Vietnam,2021,10.07
Vietnam,2022,10.35
Vietnam,2023,10.59
Vietnam,2024,11.04
West Bank and Gaza,2010,27.06
West Bank and Gaza,2011,27.18
West Bank and Gaza,2012,27.66
West Bank and Gaza,2013,27.73
West Bank and Gaza,2014,28.2
West Bank and Gaza,2015,28.45
West Bank and Gaza,2016,28.76
West Bank and Gaza,2017,29.04
West Bank and Gaza,2018,29.46
West Bank and Gaza,2019,29.93
West Bank and Gaza,2020,31.68
West Bank and Gaza,2021,33.04
West Bank and Gaza,2022,33.57
West Bank and Gaza,2023,33.71
West Bank and Gaza,2024,34.17
Yemen,2010,13.57
Yemen,2011,14.08
Yemen,2012,14.37
Yemen,2013,14.76
Yemen,2014,15.1
Yemen,2015,15.45
Yemen,2016,15.72
Yemen,2017,16.04
Yemen,2018,16.31
Yemen,2019,16.69
Yemen,2020,19.2
Yemen,2021,20.34
Yemen,2022,20.51
Yemen,2023,20.94
Yemen,2024,21.31
Zambia,2010,12.21
Zambia,2011,12.64
Zambia,2012,12.88
Zambia,2013,13.18
Zambia,2014,13.58
Zambia,2015,13.93
Zambia,2016,14.45
Zambia,2017,14.84
Zambia,2018,15.31
Zambia,2019,15.66
Zambia,2020,17.34
Zambia,2021,18.27
Zambia,2022,18.6
Zambia,2023,18.88
Zambia,2024,19.02
Zimbabwe,2010,5.58
Zimbabwe,2011,5.98
Zimbabwe,2012,6.39
Zimbabwe,2013,6.85
Zimbabwe,2014,7.16
Zimbabwe,2015,7.36
Zimbabwe,2016,7.85
Zimbabwe,2017,8.45
Zimbabwe,2018,8.75
Zimbabwe,2019,9.3
Zimbabwe,2020,11.29
Zimbabwe,2021,12.57
Zimbabwe,2022,13.01
Zimbabwe,2023,13.37
Zimbabwe,2024,13.65
Tonga,2010,2.66
Tonga,2011,3.04
Tonga,2012,3.58
Tonga,2013,3.72
Tonga,2014,4.13
Tonga,2015,4.58
Tonga,2016,4.93
Tonga,2017,5.1
Tonga,2018,5.38
Tonga,2019,5.75
Tonga,2020,8.44
Tonga,2021,9.85
Tonga,2022,10.23
Tonga,2023,10.64
Tonga,2024,10.97
Seychelles,2010,4.01
Seychelles,2011,4.45
Seychelles,2012,4.84
Seychelles,2013,5.23
Seychelles,2014,5.4
Seychelles,2015,5.77
Seychelles,2016,5.96
Seychelles,2017,6.41
Seychelles,2018,6.77
Seychelles,2019,7.17
Seychelles,2020,8.81
Seychelles,2021,9.89
Seychelles,2022,10.37
Seychelles,2023,10.8
Seychelles,2024,11.29
Macao SAR China,2010,2.31
Macao SAR China,2011,2.57
Macao SAR China,2012,2.89
Macao SAR China,2013,3.38
Macao SAR China,2014,3.81
Macao SAR China,2015,4.28
Macao SAR China,2016,4.71
Macao SAR China,2017,5.13
Macao SAR China,2018,5.35
Macao SAR China,2019,5.44
Macao SAR China,2020,7.36
Macao SAR China,2021,8.37
Macao SAR China,2022,8.75
Macao SAR China,2023,9.32
Macao SAR China,2024,9.72
